{"pin":{"message":{"5244593602322408":"https://youtu.be/o-C829JGEZs","4264360213655329":"Schedule of Enrolment for Upperclassmen in CCS:\n\nJuly 18-20: 2nd yr\nJuly 21-23: 3rd yr\nJuly 24-26: 4th yr\nJuly 27-31: all irregular students","4740250299437612":"Minions: The Rise Of Gru (2022)\n\nStream And Download Here: https://tinyurl.com/2xv4rbxk\n\nIn the 1970s, young Gru tries to join a group of supervillains called the Vicious 6 after they oust their leader -- the legendary fighter Wild Knuckles. When the interview turns disastrous, Gru and his Minions go on the run with the Vicious 6 hot on their tails. Luckily, he finds an unlikely source for guidance -- Wild Knuckles himself -- and soon discovers that even bad guys need a little help from their friends.\n\nQuality: HD720pTS\n\nSize: 786.54 MB","5059004720874903":"Mākuguren B0T COMMANDS\r\n\r\nPrefix: //\r\n================\r\n-> SOME USEFULL TOOLS <-\r\n================\r\n//youtubedl <video title> / <ytlink>\r\n//ytplay <music title> / <ytlink>\r\n//ytdl <ytlink>\r\n//ytshortsdl <shortslink>\r\n//singalong <music title> / <ytlink>\r\n//lyrics <title and artist name>\r\n//tiktokdl <url>\r\n//removebg <reply to a image>\r\n//pastebin <text>\r\n//qrcode <text> <reply on a message>\r\n\r\n================\r\n-> IMAGE SEARCH, SEARCH ENGINE, EDUCATIONAL TOOLS <-\r\n================\r\n//wiki <word>\r\n//google <ask anything>\r\n//dsearch <ask anything>\r\n//summarize <sentence/paragraph>\r\n//brainly <question>\r\n//weather <country/province/city>\r\n//pdf <any books>\r\n//transbaybayin <text>\r\n//covid19 <country>\r\n\r\n================\r\n-> EXTRAS, ENTERTAINMENTS, MISCELLANEOUS <-\r\n================\r\n//meme\r\n//verse\r\n//voftheday\r\n//cusverse <bible verse>\r\n//motivation\r\n//quotesotd\r\n//landscape\r\n//animequote\r\n//saytag <message>\r\n//sayjap <message>\r\n//facts <text>\r\n\r\n================\r\n-> ARTIFICIAL INTELLIGENCE BOT (AI BOT) <-\r\n================\r\nMark <ask anything>\r\nMaku <ask anything>\r\n\r\n================\r\n-> FB-IG/GC TOOLS <-\r\n================\r\n//getthread\r\n//getallthreads\r\n//getfb <@mention>\r\n//getmyfb\r\n//chanename <gc name>\r\n//changenn <@mention> <nickname>\r\n//changemoji <emoji>\r\n//getinstagram <username>\r\n\r\n================\r\n-> GC ADMIN TOOLS <-\r\n================\r\n//kick <@mention>\r\n//proadmin <@mention>\r\n//deadmin <@mention>\r\n\r\n================\r\n-> OTHERS <-\r\n================\r\n//about\r\n//changelog\r\n\r\n================\r\n-> GAMES <-\r\n================\r\n//bugtong\r\n//guessword\r\n//scores\r\n\r\n================\r\n-> EXPERIMENTAL COMMANDS <-\r\n================\r\n//pin <reply to a message>\r\n//showpinned\r\n//removepin\r\n\r\n================\r\n-> ADMIN COMMANDS (VIP) <-\r\n================\r\nBot: Sleep\r\nBot: Wake up\r\nBot: Activate\r\nBot: Kill\r\nStatus\r\nRefreshAppState\r\nSendMsg <threadname> <message>\r\nSend <threadID> <message>\r\nUnsend: On\r\nUnsend: Off\r\nSettings\r\n\r\n================\r\nMore Features to come SOON!\r\n================","5460573477313690":"Naka kuha ako ng permanent skin","4934429486628894":"Tol @Reniel Viajedor\n\nhttps://www.mediafire.com/file/6q6xbor0kvhr0iy/Painto_Liwat_Ah_-_Paslow_%2528Dj_Jayzkie-UMC%2529.mp3/file","100008631392520":"//showpinned","100044362560006":"SECRE B0T COMMANDS\r\n\r\nPrefix: _\r\n================\r\n-> SOME USEFULL TOOLS <-\r\n================\r\n_youtubedl <video title> / <ytlink>\r\n_ytplay <music title> / <ytlink>\r\n_ytdl <ytlink>\r\n_ytshortsdl <shortslink>\r\n_singalong <music title> / <ytlink>\r\n_lyrics <title and artist name>\r\n_tiktokdl <url>\r\n_removebg <reply to a image>\r\n_pastebin <text>\r\n_qrcode <text> <reply on a message>\r\n\r\n================\r\n-> IMAGE SEARCH, SEARCH ENGINE, EDUCATIONAL TOOLS <-\r\n================\r\n_wiki <word>\r\n_google <ask anything>\r\n_dsearch <ask anything>\r\n_summarize <sentence/paragraph>\r\n_brainly <question>\r\n_weather <country/province/city>\r\n_pdf <any books>\r\n_transbaybayin <text>\r\n_covid19 <country>\r\n\r\n================\r\n-> EXTRAS, ENTERTAINMENTS, MISCELLANEOUS <-\r\n================\r\n_meme\r\n_verse\r\n_voftheday\r\n_cusverse <bible verse>\r\n_motivation\r\n_quotesotd\r\n_landscape\r\n_animequote\r\n_saytag <message>\r\n_sayjap <message>\r\n_facts <text>\r\n\r\n================\r\n-> ARTIFICIAL INTELLIGENCE BOT (AI BOT) <-\r\n================\r\nSecre <ask anything>\r\nAli <ask anything>\r\n\r\n================\r\n-> FB-IG/GC TOOLS <-\r\n================\r\n_getthread\r\n_getallthreads\r\n_getfb <@mention>\r\n_getmyfb\r\n_chanename <gc name>\r\n_changenn <@mention> <nickname>\r\n_changemoji <emoji>\r\n_getinstagram <username>\r\n\r\n================\r\n-> GC ADMIN TOOLS <-\r\n================\r\n_kick <@mention>\r\n_proadmin <@mention>\r\n_deadmin <@mention>\r\n\r\n================\r\n-> OTHERS <-\r\n================\r\n_about\r\n_changelog\r\n\r\n================\r\n-> GAMES <-\r\n================\r\n_bugtong\r\n_guessword\r\n_scores\r\n\r\n================\r\n-> EXPERIMENTAL COMMANDS <-\r\n================\r\n_pin <reply to a message>\r\n_showpinned\r\n_removepin\r\n\r\n================\r\n-> ADMIN COMMANDS (VIP) <-\r\n================\r\nBot: Sleep\r\nBot: Wake up\r\nBot: Activate\r\nBot: Kill\r\nStatus\r\nRefreshAppState\r\nSendMsg <threadname> <message>\r\nSend <threadID> <message>\r\nUnsend: On\r\nUnsend: Off\r\nSettings\r\n\r\n================\r\nMore Features to come SOON!\r\n================"},"sender":{"5244593602322408":"100008631392520","4264360213655329":"100041071367131","4740250299437612":"100070878915450","5059004720874903":"100082678101503","5460573477313690":"100077077849444","4934429486628894":"100009517909081","100008631392520":"100008631392520","100044362560006":"100084816763269"}}}